Time, Dataset_Name, Original_Dataset_ID, Job_ID
2025-10-28T08:47:28.793329,GS_Aberdeen_City,41f8e4fd-a275-4d0e-accb-094581a37359,19925
2025-10-28T08:48:37.352135,GS_Adams_UI,5316ba8d-23eb-48be-ad9d-aff7cb629384,19926
2025-10-28T08:49:20.975049,GS_Airway_Heights_City,6bd2ff98-4715-4ede-975d-d372ba114f8a,19927
2025-10-28T08:49:29.364487,GS_Albion_City,e1615d92-ff50-4bc9-b5cf-5e837e8a7417,19928
2025-10-28T08:49:39.279534,GS_Algona_City,512f4f8a-d4ba-4beb-afbc-0606c1a605e2,19929
2025-10-28T08:49:52.358020,GS_Anacortes_City,149a82da-49ed-47d5-af27-6debd5f85ff0,19930
2025-10-28T08:50:06.379357,GS_Arlington_City,d14ea4e6-289f-4987-a9b1-c6307ab83926,19931
2025-10-28T08:50:15.770623,GS_Asotin_City,6f419c54-7377-4ac4-acde-021385471305,19932
2025-10-28T08:50:28.743218,GS_Asotin_UI,e25b1d4a-0c64-4ac0-b2a3-3b5d11e9e517,19933
2025-10-28T08:50:44.826793,GS_Auburn_City,5b1c5b4d-b80b-4db8-9968-47e5da6ce05b,19934
2025-10-28T08:50:57.141212,GS_Bainbridge_Island_City,cb6cf299-fee9-4343-8cb4-b2a115484e37,19935
2025-10-28T08:51:12.009129,GS_Battle_Ground_City,29f0b5bc-6f8b-4316-a227-b7aed7b2c455,19936
2025-10-28T08:51:19.954706,GS_Beaux_Arts_Village_City,51596ac3-de18-4a7b-ae7d-9233d46f749c,19937
2025-10-28T08:51:37.417533,GS_Bellevue_City,6bbd2fce-2a63-4179-a4f2-69015ae1a108,19938
2025-10-28T08:51:53.285816,GS_Bellingham_City,36f8e3ae-ffe7-4000-bb07-308d522bde77,19939
2025-10-28T08:52:03.704532,GS_Benton_City,83373765-de75-4dab-ab0d-d1d2949a3a46,19940
2025-10-28T08:52:14.485861,GS_Benton_UI,04bea334-e186-42af-b444-e06379445d6c,19941
2025-10-28T08:52:23.544862,GS_Bingen_City,1b496561-ad22-42b5-b7b0-2e57511e7b1e,19942
2025-10-28T08:52:35.065520,GS_Black_Diamond_City,1ef850d6-dfe0-43f7-9470-f1af78da6978,19943
2025-10-28T08:52:48.890234,GS_Blaine_City,cad9232b-2d58-4bda-b665-2bf48eb2c754,19944
2025-10-28T08:53:01.505291,GS_Bonney_Lake_City,8f3b0554-6dee-4fb3-8da6-dfd770dd3f5e,19945
2025-10-28T08:53:16.359279,GS_Bothell_City,da17cc65-c760-41b1-918e-d51da7f91b4b,19946
2025-10-28T08:53:31.021398,GS_Bremerton_City,b0adad6b-9c13-4acf-b3d9-a9af49b8e00e,19947
2025-10-28T08:53:40.612913,GS_Brewster_City,a8b52699-e134-4bf4-a4c9-e43b49b8427d,19948
2025-10-28T08:53:50.185936,GS_Bridgeport_City,c1fa12c7-df44-4977-87a3-e89ac5507f77,19949
2025-10-28T08:54:00.921596,GS_Brier_City,9ea0d6ad-3742-4b97-8fb3-6accde1c4b26,19950
2025-10-28T08:54:11.902442,GS_Buckley_City,457463c6-6021-451e-b797-9653d9a95791,19951
2025-10-28T08:54:20.736271,GS_Bucoda_City,21cb06a1-bd6e-4c76-87c3-d5ae3ea1f771,19952
2025-10-28T08:54:34.306646,GS_Burien_City,93227ac2-1dc9-4b9a-bde1-cc0964bb4c13,19953
2025-10-28T08:54:46.937737,GS_Burlington_City,1ce0017f-8812-402c-9c6c-0fe0e973325d,19954
2025-10-28T08:55:01.708930,GS_Camas_City,0b4cb988-c338-4a7f-a33b-eac39d72d554,19955
2025-10-28T08:55:10.890463,GS_Carbonado_City,133e39b5-b7f6-4302-82bf-922ad03eb283,19956
2025-10-28T08:55:21.251025,GS_Carnation_City,cbe5a789-c7dc-4a00-a2fd-74f27e6705ab,19957
2025-10-28T08:55:31.588135,GS_Cashmere_City,47605fe5-4c52-4364-9e78-47371fd351c4,19958
2025-10-28T08:55:41.581060,GS_Castle_Rock_City,c489f8bb-0e7c-4839-a9f2-78db8a4818b8,19959
2025-10-28T08:55:50.654197,GS_Cathlamet_City,25647c27-3c68-4d52-9ef4-841382e49dd5,19960
2025-10-28T08:56:03.697736,GS_Centralia_City,583e88d0-719a-4686-a5b4-5d2695ffa477,19961
2025-10-28T08:56:15.093766,GS_Chehalis_City,3bd2b1bd-5981-45d4-9d44-02b9473bfdf5,19962
2025-10-28T08:56:26.296718,GS_Chelan_City,f0d4de87-ed07-4d1a-a1a3-9e29a94de1ad,19963
2025-10-28T08:56:37.165719,GS_Chelan_UI,b9e0bd9c-587d-4250-b1ec-fedc57424d76,19964
2025-10-28T08:56:49.597407,GS_Cheney_City,d6094d3d-e0b2-4840-8edb-076ee9920a13,19965
2025-10-28T08:57:00.075156,GS_Chewelah_City,9a169e16-e35d-4888-a54f-ce22950a855b,19966
2025-10-28T08:57:12.166361,GS_Clallam_UI,a0729fe9-cf62-438a-80fc-c7ab56838a32,19967
2025-10-28T08:57:35.062887,GS_Clark_UI,c448c92f-d234-4c0b-85d5-6fbd46833925,19968
2025-10-28T08:57:46.114794,GS_Clarkston_City,9a262ff7-7b5e-4a7b-93d0-3d12073e8d87,19969
2025-10-28T08:57:55.980533,GS_Clyde_Hill_City,35317e46-c2cd-4ab1-b76a-75e51d9daa3f,19970
2025-10-28T08:58:07.527667,GS_Colfax_City,1bb2f9bc-b291-44f5-806b-73a4a597c14e,19971
2025-10-28T08:58:20.889702,GS_College_Place_City,5ff1dec3-0421-4410-961b-03e47defd7e7,19972
2025-10-28T08:58:30.664445,GS_Colton_City,2978cced-3b7d-4b07-a810-d76d2ead8aa5,19973
2025-10-28T08:58:41.940950,GS_Columbia_UI,3edbf353-6667-476c-b5ef-7078acd72e0f,19974
2025-10-28T08:58:53.473545,GS_Colville_City,b68b53a5-5897-487f-be6c-0e2d85b8d3ee,19975
2025-10-28T08:59:01.387863,GS_Conconully_City,d17c6eaa-af39-45d3-88e7-7eef4311826c,19976
2025-10-28T08:59:10.796222,GS_Concrete_City,a653a752-c2de-42d9-920f-bfadf85020fc,19977
2025-10-28T08:59:21.369144,GS_Connell_City,3a41fb38-7b8c-40b6-af27-4e5d6416146b,19978
2025-10-28T08:59:31.690498,GS_Cosmopolis_City,723cb5a5-c6e8-4ab2-9cb4-1a0800c222a3,19979
2025-10-28T08:59:40.712418,GS_Coulee_City,00296ded-dc85-498f-8d74-f7b39a11c2f6,19980
2025-10-28T08:59:50.477645,GS_Coulee_Dam_City,380c97c6-3c40-40c6-89c9-5f5ad90c9f11,19981
2025-10-28T09:00:00.426184,GS_Coupeville_City,32bdc22c-7293-4107-b967-ff08be401c47,19982
2025-10-28T09:00:13.557883,GS_Covington_City,37e25792-d12c-4c23-95cd-26f29bead9bc,19983
2025-10-28T09:00:25.846624,GS_Cowlitz_UI,b00bf371-4967-42eb-9f1b-0e200de35650,19984
2025-10-28T09:00:34.793266,GS_Creston_City,c79b343e-2aad-479b-a462-c5a1b691bc2b,19985
2025-10-28T09:00:43.412381,GS_Cusick_City,6b92aee8-898c-46f6-ad60-efad9f29fd14,19986
2025-10-28T09:00:53.599649,GS_Darrington_City,f9314e6e-1bd2-4586-bb26-8499ff656e2f,19987
2025-10-28T09:01:03.604909,GS_Davenport_City,1d736c42-e939-4a6d-a3c7-12e59d702e8a,19988
2025-10-28T09:01:14.065389,GS_Dayton_City,a05c10e7-37e1-4405-b624-99ebb916bc7f,19989
2025-10-28T09:01:24.994102,GS_Deer_Park_City,ceeea496-9454-472a-91a9-bb65a10c19b8,19990
2025-10-28T09:01:37.484405,GS_Des_Moines_City,bb03fbd1-04ec-4e28-bdbe-212c3c405cae,19991
2025-10-28T09:01:51.321962,GS_Douglas_UI,dad956bf-8b24-4abf-9976-c4028d806af9,19992
2025-10-28T09:02:03.985705,GS_DuPont_City,6b92bfa3-919d-4c1a-99a3-313dd281f22b,19993
2025-10-28T09:02:16.627909,GS_Duvall_City,4bc442ac-7635-43e5-a2b4-b8a8c0cd2601,19994
2025-10-28T09:02:28.962472,GS_East_Wenatchee_City,f3de6b2d-823b-4d79-8b3f-f02b7205d39b,19995
2025-10-28T09:02:39.563228,GS_Eatonville_City,4c1a59c1-55e0-43cf-9665-9e0ebe977d87,19996
2025-10-28T09:02:51.178117,GS_Edgewood_City,fe508853-c87f-49e9-a0d8-10e37b63a5f8,19997
2025-10-28T09:03:04.627258,GS_Edmonds_City,e809c24d-47cf-4125-adc6-2d7ae7592203,19998
2025-10-28T09:03:13.459158,GS_Electric_City,6b3485f3-c3c5-4a12-b6eb-b2d40e2af788,19999
2025-10-28T09:03:27.246795,GS_Ellensburg_City,3a4a0a2d-c1f1-48d2-bd8f-8110f8487243,20000
2025-10-28T09:03:37.543189,GS_Elma_City,1e0e94c6-83c6-4a12-8c33-fa4c20f6559c,20001
2025-10-28T09:03:46.295920,GS_Elmer_City,98fda5fb-b5ca-4a6e-9ef9-223e8f74c221,20002
2025-10-28T09:03:54.695510,GS_Endicott_City,52cf40e6-3478-4046-9977-b2d4d245bad2,20003
2025-10-28T09:04:04.184542,GS_Entiat_City,e2121929-8558-4322-8574-965c31e051e4,20004
2025-10-28T09:04:16.780053,GS_Enumclaw_City,8b46b264-cac5-4f6f-be86-f438dbbf83d6,20005
2025-10-28T09:04:28.246705,GS_Ephrata_City,8411c06c-0747-482f-96d7-5f1757ee33a8,20006
2025-10-28T09:04:44.367823,GS_Everett_City,71e22f9f-8fd1-43ec-9f59-8a199847d455,20007
2025-10-28T09:04:54.814587,GS_Everson_City,6cd5ae20-252d-4e9c-a50d-007d0cc83d38,20008
2025-10-28T09:05:03.627131,GS_Fairfield_City,3f51eb28-5fb1-44c2-9728-3fe7fd9ca891,20009
2025-10-28T09:05:12.076968,GS_Farmington_City,97fb0919-9139-4263-8152-cb9d11ea233c,20010
2025-10-28T09:05:28.175555,GS_Federal_way_City,d80d1f94-aa41-46c2-a92f-44d7b9f0f7cc,20011
2025-10-28T09:05:41.303215,GS_Ferndale_City,01077437-1dd1-4184-9d44-c4e442f5d81f,20012
2025-10-28T09:05:50.543810,GS_Ferry_UI,b1b2a66b-d161-485e-bbaa-5a04609003d3,20013
2025-10-28T09:06:01.755744,GS_Fife_City,2b816749-9f24-411c-a039-4ee654d7e10e,20014
2025-10-28T09:06:12.756757,GS_Firecrest_City,9fa38bcd-16eb-4927-ada7-a4a0c6b6d65b,20015
2025-10-28T09:06:22.920449,GS_Forks_City,5908691a-9526-40ee-a58f-6766564a3f56,20016
2025-10-28T09:06:32.408892,GS_Franklin_county_UI,29357396-109d-4f27-8dee-79d88b0868b9,20017
2025-10-28T09:06:42.588168,GS_Friday_Harbor_City,e1ae094b-0511-4ee9-b6e8-c07f7d6db49f,20018
2025-10-28T09:06:52.054591,GS_Garfield_City,919e5ea4-dfd6-4180-89fe-607228ab99d0,20019
2025-10-28T09:07:02.245155,GS_Garfield_UI,b4818123-f719-4de7-9b17-377c089eb7c6,20020
2025-10-28T09:07:11.636437,GS_George_City,63b5f11e-01e4-427a-82bd-173d93aa7ea5,20021
2025-10-28T09:07:25.563302,GS_Gig_Harbor_City,62f9db76-abd8-4553-b2e6-1390c866034f,20022
2025-10-28T09:07:36.092753,GS_GoldBar_City,3f6d2df3-c024-41c7-a4d9-1603ae7265f8,20023
2025-10-28T09:07:47.002814,GS_Goldendale_City,7a300884-db45-44d4-804a-7f679721583f,20024
2025-10-28T09:07:56.349699,GS_Grand_Coulee_City,f839fda5-b9ac-4ecc-9406-821eef8876f6,20025
2025-10-28T09:08:07.907329,GS_Grandview_City,54418162-2070-44bd-970a-9e98f77b761e,20026
2025-10-28T09:08:17.547894,GS_Granger_City,34e25068-3984-4366-b143-0bf81e01ae45,20027
2025-10-28T09:08:28.517767,GS_Granite_Falls_City,8ab7bf84-911a-4568-9424-77acbfddc99f,20028
2025-10-28T09:08:39.216122,GS_Grant_UI,f098ea61-ca7a-45aa-bff0-706a50c840f7,20029
2025-10-28T09:08:49.969016,GS_Grays_Harbor_UI,1e50499b-ee60-470b-aa43-0f39a9f6e886,20030
2025-10-28T09:08:58.131152,GS_Hamilton_City,519469a6-67fe-4cbc-974f-f7ea662eefab,20031
2025-10-28T09:09:06.065660,GS_Harrah_City,b1110500-26c9-4380-b350-16c451145385,20032
2025-10-28T09:09:15.252285,GS_Harrington_City,e68a5f50-daba-4481-b684-a2bea3b3081b,20033
2025-10-28T09:09:23.586552,GS_Hartline_City,4aa5d907-b258-490e-ae28-a514cee19eb1,20034
2025-10-28T09:09:31.284397,GS_Hatton_City,2846ca52-148f-4ee0-9044-7af70460666a,20035
2025-10-28T09:09:42.993971,GS_Hoquiam_City,f0078868-6194-4ec9-93b2-7395ebdc1771,20036
2025-10-28T09:09:51.391765,GS_Hunts_Point_City,e55c83a7-8da9-45c3-98db-7f135614033e,20037
2025-10-28T09:10:01.149254,GS_Ilwaco_City,66f44b59-cc57-4bf6-a859-4d8d04d81386,20038
2025-10-28T09:10:09.351441,GS_Index_City,f701c101-8db0-4dcb-b0d8-cf36e50d06ac,20039
2025-10-28T09:10:18.285212,GS_Ione_City,db34d3fb-5725-4479-a2b9-7fd50e02a987,20040
2025-10-28T09:10:29.463531,GS_Island_UI,4d564d61-8fcc-4be1-9bfa-c85627e121f1,20041
2025-10-28T09:10:43.778927,GS_Issaquah_City,4ec146b4-9c18-442a-84b8-ea833134df49,20042
2025-10-28T09:10:56.893607,GS_Jefferson_UI,01dcb4f3-1da8-40dc-aeea-52237f4c874a,20043
2025-10-28T09:11:05.236261,GS_Kahlotus_City,b8ab0f52-1ca6-40a7-84dc-cc692033f6e9,20044
2025-10-28T09:11:16.446326,GS_Kalama_City,4cb3e00e-a29a-46f4-848f-5f79bacaccfa,20045
2025-10-28T09:11:28.610419,GS_Kelso_City,886d9af8-9167-4335-b667-bb8bced89a2c,20046
2025-10-28T09:11:41.047082,GS_Kenmore_City,f9ac10e3-a774-455e-b418-802413673b71,20047
2025-10-28T09:12:00.706782,GS_Kennewick_City,5c947f2c-3354-484f-a057-a8f05433da4f,20048
2025-10-28T09:12:18.784896,GS_Kent_City,258a5c68-449a-47cf-92a2-ffca02b97f5e,20049
2025-10-28T09:12:28.314861,GS_Kettle_Falls_City,86a5499b-56fa-41a3-bc44-560580ce5a2a,20050
2025-10-28T09:12:50.816449,GS_King_UI,6cb2780b-dad1-4653-bd68-ba8ba57320eb,20051
2025-10-28T09:13:07.493361,GS_Kirkland_City,9bb4a713-5f36-4206-96d4-3b642ad048e1,20052
2025-10-28T09:13:17.286160,GS_Kitittas_UI,1a4f139e-12f4-409b-81cf-f620acffba38,20053
2025-10-28T09:13:33.489514,GS_Kitsap_UI,f20c16b6-e875-41df-8dd1-f0c78fca80d1,20054
2025-10-28T09:13:43.350851,GS_Kittitas_City,6915224f-1165-4a05-8cf9-c5a3b22decdf,20055
2025-10-28T09:13:53.576504,GS_Kittitas_UI,44b786c0-86e5-4597-a61b-ca1d09f08653,20056
2025-10-28T09:14:05.189586,GS_Klickitat_UI,14a88b58-d99e-47b2-b756-d90301acfe7e,20057
2025-10-28T09:14:12.865346,GS_Krupp_City,c95017c1-fa3a-4eea-b3f7-3e391bc61e7e,20058
2025-10-28T09:14:22.148853,GS_LaCrosse_City,bda08e94-8988-4db2-bef5-35ad40ca77ae,20059
2025-10-28T09:14:33.754512,GS_La_Center_City,7de7e7f2-6dd8-4d2f-8c69-3975af2f00da,20060
2025-10-28T09:14:43.330129,GS_La_Conner_City,bc1e61ee-12a9-4f41-ac3b-349198771147,20061
2025-10-28T09:14:58.528078,GS_Lacey_City,21278fda-077a-4d47-9531-753ab42f7398,20062
2025-10-28T09:15:09.551978,GS_Lake_Forest_Park_City,977cbab4-de4a-4acd-864c-bdb3366ce3f0,20063
2025-10-28T09:15:23.427699,GS_Lake_Stevens_City,69a4ac1b-754a-432a-b785-abc6f45ecd6c,20064
2025-10-28T09:15:38.317412,GS_Lakewood_City,fa2cf3e6-6125-44eb-ad0e-589000249610,20065
2025-10-28T09:15:46.780604,GS_Lamont_City,e5813921-7e9d-45a9-a256-1da30f6c6374,20066
2025-10-28T09:15:56.489816,GS_Langley_City,c0ce605f-d9e3-4b98-bd57-6dc9de3b4d47,20067
2025-10-28T09:16:04.945527,GS_Latah_City,cfb9aca2-9812-4e2f-b834-f1ff36afab32,20068
2025-10-28T09:16:15.509557,GS_Leavenworth_City,7a98a25e-ea89-46c6-ac2f-76d07c8f5afe,20069
2025-10-28T09:16:26.049822,GS_Lewis_UI,ad18e407-3456-4d63-8112-cdbc01c38aea,20070
2025-10-28T09:16:38.319136,GS_Liberty_Lake_City,5a19d8a4-f7bd-461c-b77f-0fd0bf3ab3dd,20071
2025-10-28T09:16:50.334267,GS_Lincoln_UI,bbf2213d-ece6-4968-a14a-8c19aa431371,20072
2025-10-28T09:16:59.346355,GS_Lind_City,27f7b32d-082c-414c-aa06-b04a094974b9,20073
2025-10-28T09:17:09.666840,GS_Long_Beach_City,4ad9d830-ed6c-4717-a53b-4edd12701ab4,20074
2025-10-28T09:17:23.487503,GS_Longview_City,b04f2765-63df-4bc2-a5f7-647bb942b01d,20075
2025-10-28T09:17:31.802088,GS_Lyman_City,1680cab5-204f-4b99-81c6-f3d700756a78,20076
2025-10-28T09:17:44.678927,GS_Lynden_City,71ae09b1-7266-4576-8564-7c71c6f668b5,20077
2025-10-28T09:17:59.141043,GS_Lynnwood_City,08098ecf-6402-444c-a7fc-fe8404f9c362,20078
2025-10-28T09:18:08.857716,GS_Mabton_City,7ff62249-dcb5-4718-bfa2-0fb94b688f97,20079
2025-10-28T09:18:17.080265,GS_Malden_City,ed239ad5-e107-46a4-982e-4caecbd8061c,20080
2025-10-28T09:18:26.165530,GS_Mansfield_City,a9d91518-94ff-43bc-b9c1-8ea745e3212d,20081
2025-10-28T09:18:39.758793,GS_Maple_Valley_City,8636ddd6-a00f-498a-8fe0-da6b87026c57,20082
2025-10-28T09:18:55.064767,GS_Marysville_City,1b0d62e6-fdc6-41ac-8f6a-f2bb93cc7850,20083
2025-10-28T09:19:07.822784,GS_Mason_UI,adf74ddc-79a9-4bcb-a171-5f415a04438a,20084
2025-10-28T09:19:17.390549,GS_Mattawa_City,2d947ec5-128a-4b02-87b8-3765eab1653d,20085
2025-10-28T09:19:26.963905,GS_McCleary_City,c7ff9bc7-0f09-4c68-92f5-c43bf05e5d72,20086
2025-10-28T09:19:38.384482,GS_Medical_Lake_City,9721126f-9bbc-4900-868c-48da4452956a,20087
2025-10-28T09:19:48.010841,GS_Medina_City,e578bde4-6855-4520-ada9-b73680cdaae0,20088
2025-10-28T09:19:59.352350,GS_Mercer_Island_City,96b7443c-c055-4a31-a9f2-40b7e4f64ecb,20089
2025-10-28T09:20:07.758772,GS_Mesa_City,825f28ad-08de-479f-a489-f571da5fa4eb,20090
2025-10-28T09:20:15.640900,GS_Metaline_City,2cba3531-d316-4d01-8058-c68f5bb14dfd,20091
2025-10-28T09:20:23.998903,GS_Metaline_Falls_City,fbb9293d-d5ee-428a-a67c-1ea0d0a02473,20092
2025-10-28T09:20:36.845387,GS_Mill_Creek_City,9a231473-f67e-46d2-8641-9991384cdbe5,20093
2025-10-28T09:20:48.079440,GS_Milton_City,f2897348-90ce-45d8-9181-970717d108d3,20094
2025-10-28T09:21:00.640207,GS_Monroe_City,a0ce8535-3e66-4f4b-b8c7-190ac6812546,20095
2025-10-28T09:21:11.781935,GS_Montesano_City,509148fc-d628-4aa9-8f2e-9032cabdbe68,20096
2025-10-28T09:21:21.254016,GS_Morton_City,989c8c9a-4f90-4584-8985-c62e0b80806d,20097
2025-10-28T09:21:35.098595,GS_Moses_Lake_City,c1bc41d3-9e1d-49e1-8cf1-4d64b8ab9200,20098
2025-10-28T09:21:43.700980,GS_Mossyrock_City,97fd4408-11b9-4169-9698-a57957ca6d79,20099
2025-10-28T09:21:56.342602,GS_MountLake_Terrace_City,d364534f-14f8-4f4c-a1de-c69b38075ab4,20100
2025-10-28T09:22:11.402671,GS_Mount_Vernon_City,4660e833-54c8-4e4d-b85a-8565410c88a4,20101
2025-10-28T09:22:23.002960,GS_Moxee_City,951d275f-1cf2-46b4-a11b-169d88418099,20102
2025-10-28T09:22:36.309737,GS_Mukilteo_City,b2444a1f-10cf-435e-9655-119ecfe60232,20103
2025-10-28T09:22:46.029621,GS_Naches_City,6bb31c8e-675b-4e31-9067-f44fec5054e7,20104
2025-10-28T09:22:56.141049,GS_Napavine_City,861e56a8-d9f5-4abb-bede-f6e74a41db15,20106
2025-10-28T09:23:04.227622,GS_Nespelem_City,b91fa81e-a31c-44df-8129-e76fed702f0d,20107
2025-10-28T09:23:14.737280,GS_Newport_City,08425ae9-2468-4c97-b10b-6badaad23015,20108
2025-10-28T09:23:23.926087,GS_Nooksack_City,29bd95e1-6140-4986-b76f-6bd1c8c73bfb,20109
2025-10-28T09:23:33.829847,GS_Normandy_Park_City,7818b6fb-eb18-4d37-8426-722b1efab670,20110
2025-10-28T09:23:45.666779,GS_North_Bend_City,b99def2e-e9f1-4703-8216-8077a290dbe5,20112
2025-10-28T09:23:55.204808,GS_North_Bonneville_City,b11585b9-91d7-43ac-aa09-d7b84a47f660,20113
2025-10-28T09:24:04.181010,GS_Northport_City,0909fd43-24d8-4e09-a8ca-251d7a900898,20114
2025-10-28T09:24:18.292275,GS_Oak_Harbor_City,093b985f-02e9-4f04-b2c1-17dff0f51603,20116
2025-10-28T09:24:27.083851,GS_Oakesdale_City,1be8c354-084b-400e-9990-1fb3b56fbedd,20117
2025-10-28T09:24:36.408412,GS_Oakville_City,2109ed98-39b8-4f53-8a73-60a2ec5aac53,20118
2025-10-28T09:24:47.608636,GS_Ocean_Shores_City,ecfc09db-ed7e-4484-aaef-344eea7cb487,20119
2025-10-28T09:24:57.057444,GS_Odessa_City,4d873b6c-c1e0-4a1c-a0d4-1b73de1027ef,20120
2025-10-28T09:25:06.810050,GS_Okanogan_City,a5d93698-672f-4c44-9639-04ad722ded77,20121
2025-10-28T09:25:16.092985,GS_Okanogan_UI,d709129d-3545-422a-a04d-be31268fb35c,20122
2025-10-28T09:25:34.076290,GS_Olympia_City,36d3b81b-a7f6-4f6c-a9a3-b72e1d4ce7ce,20123
2025-10-28T09:25:46.150931,GS_Omak_City,a20e1a07-d580-47bc-ba66-dffd1de02abc,20124
2025-10-28T09:25:56.076162,GS_Oroville_City,236b53db-efdd-4c94-b90e-cf4bc4836bff,20125
2025-10-28T09:26:07.997248,GS_Orting_City,f486595d-8ae7-4c31-a240-3ac30402fa50,20126
2025-10-28T09:26:19.500947,GS_Othello_City,a6c01293-974c-4101-88ee-db18fa61fe4f,20127
2025-10-28T09:26:29.985491,GS_Pacific_City,7e53f1b0-82f9-4a3d-822c-ea6c03bc4817,20128
2025-10-28T09:26:40.084514,GS_Pacific_UI,528430f7-b57c-4d19-bace-2066956fb12b,20129
2025-10-28T09:26:50.114061,GS_Palouse_City,d356fcbd-b1cd-4262-bece-df68cf125ff7,20130
2025-10-28T09:27:07.601513,GS_Pasco_City,4e24b225-5f39-4f34-acc7-8b50fef68613,20131
2025-10-28T09:27:16.608350,GS_Pateros_City,7fba3727-b4d0-492c-a116-5a7386cdd551,20132
2025-10-28T09:27:25.907326,GS_Pe_Ell_City,dff57258-bddf-4816-856b-81ce8eae2af9,20133
2025-10-28T09:27:36.948267,GS_Pend_Orielle_UI,32cca6d3-0d51-4281-a1dd-e1f5774bda1f,20134
2025-10-28T09:28:03.886029,GS_Pierce_UI,315cdef7-0036-429f-b711-a5af8198e642,20135
2025-10-28T09:28:13.493003,GS_Pomeroy_City,3ed6e85d-e64a-4116-82b9-a5a991bf460d,20136
2025-10-28T09:28:26.541212,GS_Port_Angeles_City,91bab43d-bed2-4aef-9b50-9696af4ee194,20137
2025-10-28T09:28:39.665560,GS_Port_Orchard_City,2b6289f7-90ba-4f42-b6c6-4e27f20057db,20138
2025-10-28T09:28:52.640202,GS_Port_Townsend_City,b54b5b1a-21c8-4a62-b9aa-8bd9731794fd,20139
2025-10-28T09:29:05.317531,GS_Poulsbo_City,48b8b8ee-658a-4231-bdf1-7798045bde43,20140
2025-10-28T09:29:13.697050,GS_Prescott_City,5fcf4bce-bec1-4dc5-a2ae-d9cc9ab169bc,20141
2025-10-28T09:29:25.062573,GS_Prosser_City,3f3937f2-19b6-403e-9762-2589a916eb8d,20142
2025-10-28T09:29:39.066248,GS_Pullman_City,9d9f6f8b-f75d-4ec1-af5c-fe230de6a0ec,20143
2025-10-28T09:29:53.442700,GS_Puyallup_City,c03197b6-7ff9-47dc-8e95-8021b62f5ebc,20144
2025-10-28T09:30:05.615838,GS_Quincy_City,b7cfd26a-c18f-47dd-bc27-30f5fb34acc3,20145
2025-10-28T09:30:15.150969,GS_Rainier_City,5a3dbd45-df92-4df0-bbdd-9d3dcbf3a92d,20146
2025-10-28T09:30:25.687172,GS_Raymond_City,6f3d1140-b902-4ba9-81c2-362cf08cd92e,20147
2025-10-28T09:30:35.107871,GS_Reardan_City,e90e80da-ec97-4450-ad51-ae320cc6c18f,20148
2025-10-28T09:30:53.908238,GS_Redmond_City,3228e0f0-9a9b-4ce0-946c-094dfe7a054a,20149
2025-10-28T09:31:12.442998,GS_Renton_City,77c3661e-a34e-4b02-89ae-4331d3876ffd,20150
2025-10-28T09:31:21.649963,GS_Republic_City,e3abd465-a770-4f1f-90d5-f9bd98856ed3,20151
2025-10-28T09:31:41.286401,GS_Richland_City,5ddfe1ed-3c57-4fc8-b300-cb78b1324d51,20152
2025-10-28T09:31:54.731708,GS_Ridgefield_City,64f25116-0d6e-45c1-a10f-2c47a3cd3208,20153
2025-10-28T09:32:05.809049,GS_Ritzville_City,735a5e8c-c4a5-44b5-87ff-a97461050678,20154
2025-10-28T09:32:14.251003,GS_Riverside_City,3abd977e-dc80-42cc-b404-ec3e18fce901,20155
2025-10-28T09:32:23.674169,GS_Rock_Island_City,bc73cf1d-7ddc-430a-92aa-00ece0a44acd,20156
2025-10-28T09:32:32.589701,GS_Rockford_City,c9bf36c0-9e9c-42f8-aa6f-fb9639d95508,20157
2025-10-28T09:32:41.893479,GS_Rosalia_City,7a2e836c-37de-4b58-a6e7-43179bf2771e,20158
2025-10-28T09:32:50.855913,GS_Roy_City,6d0c51a4-c0e4-4b56-9bc3-a9b3b046a91a,20159
2025-10-28T09:33:00.529069,GS_Royal_City,1241f401-9445-4a4f-bcdf-af44fc6bb5f7,20160
2025-10-28T09:33:15.984847,GS_Sammamish_City,1c681a39-522b-401f-9053-b5d2447c154e,20161
2025-10-28T09:33:26.521002,GS_San_Juan_UI,aae13570-91c3-48ed-92d8-1e5c69db31bd,20162
2025-10-28T09:33:38.950727,GS_Seatac_City,476145e7-25fa-4a53-9f8e-46d83b927c5d,20163
2025-10-28T09:34:17.796128,GS_Seattle_City,9ecc844d-fcc9-4da0-86f4-43801ebd239a,20164
2025-10-28T09:34:30.433405,GS_Sedro_Woolley_City,6fc6912c-225e-446e-8409-f984883e3688,20165
2025-10-28T09:34:41.726610,GS_Selah_City,659ededa-677e-4d6b-8b00-17bcf5d95513,20166
2025-10-28T09:34:54.078920,GS_Sequim_City,51652248-f8ae-4103-9868-fd0e0c25cd7e,20167
2025-10-28T09:35:06.126915,GS_Shelton_City,15db32ca-4510-4dc0-812b-2b89a4724ad6,20168
2025-10-28T09:35:19.690135,GS_Shoreline_City,c98314fa-2208-4490-ba5f-13c6dc3ce68b,20169
2025-10-28T09:35:30.623531,GS_Skagit_UI,6e99bf61-c50d-43ab-9610-3b780a7217eb,20170
2025-10-28T09:35:41.900811,GS_Skamania_UI,a1bd7c53-df00-4638-ad8a-a875e3253622,20171
2025-10-28T09:35:50.546348,GS_Skykomish_City,bf363434-3826-4f7a-9207-e050b20a11b1,20172
2025-10-28T09:36:02.708486,GS_Snohomish_City,7c81f206-53c1-408f-a61e-e7fc4d0d4bca,20173
2025-10-28T09:36:29.223300,GS_Snohomish_UI,eb705047-bbf1-49ee-8779-641992c6ce75,20174
2025-10-28T09:36:41.808558,GS_Snoqualmie_City,0aba6838-89c8-489c-b19b-48c4cf5b7095,20175
2025-10-28T09:36:52.250054,GS_Soap_Lake_City,437859dd-e8bc-4cd3-bbb0-c860fa0e2f5b,20176
2025-10-28T09:37:01.912169,GS_South_Bend_City,afefc7eb-7d0c-4c90-b084-48954274369d,20177
2025-10-28T09:37:10.216561,GS_South_Prairie_City,ee7b055e-0409-438d-859b-54bf632957b6,20178
2025-10-28T09:37:19.249626,GS_Spangle_City,82e67da8-b871-4c75-81ee-eba4a1244529,20179
2025-10-28T09:37:52.966124,GS_Spokane_City,6285e5eb-8b03-495f-8bca-c4a784f70d84,20180
2025-10-28T09:38:05.842979,GS_Spokane_UI,14682159-6f6a-47ff-86b6-16083b8eab45,20181
2025-10-28T09:38:22.065941,GS_Spokane_Valley_City,34a1937e-b6bd-432a-a77c-7fdc9311104b,20182
2025-10-28T09:38:38.850176,GS_Spokane_Valley_city,132c5c6d-a743-4888-a9c2-31e1b9f5e637,20183
2025-10-28T09:38:47.646216,GS_Sprague_City,5b32bc80-92fc-4d78-9561-e4a824b6019b,20184
2025-10-28T09:38:56.317004,GS_Springdale_City,8397fddc-ee06-48da-9a62-f544f5067ab3,20185
2025-10-28T09:39:07.685625,GS_St . John_City,3776f4d7-024a-4e9d-ba94-2ea41573b068,20186
2025-10-28T09:39:19.898333,GS_Stanwood_City,dc3483e2-9b9b-414c-942a-1cfd6a5dc1ba,20187
2025-10-28T09:39:27.831769,GS_Starbuck_City,ee68adb8-d334-408a-9de7-b500e0d1cdeb,20188
2025-10-28T09:39:39.164055,GS_Steilacoom_City,29e39c5b-26b9-456a-abbc-233e59f57f44,20189
2025-10-28T09:39:51.616740,GS_Stevens_UI,b239f090-55c4-483e-9d10-ecf9d0bf4f4a,20190
2025-10-28T09:40:01.760434,GS_Stevenson_City,8fa1e65c-53e6-4912-86ca-b1d783f90b9f,20191
2025-10-28T09:40:12.808219,GS_Sultan_City,c56f1608-d6f1-4610-b7bf-490832237f13,20192
2025-10-28T09:40:22.339694,GS_Sumas_City,c262c070-d3fa-44cf-912d-5d4d68a1f0fa,20193
2025-10-28T09:40:34.519807,GS_Sumner_City,db258633-deaf-4028-9f21-da9d6385590d,20194
2025-10-28T09:40:46.939082,GS_Sunnyside_City,0e2d1349-adae-44bf-be57-bc1ea74bf393,20195
2025-10-28T09:41:18.918463,GS_Tacoma_City,1cad04e1-09bc-4b56-a151-7080bd00c409,20196
2025-10-28T09:41:28.828413,GS_Tekoa_City,4ff86c04-a174-4185-9c3b-3766ba618242,20197
2025-10-28T09:41:38.776122,GS_Tenino_City,7c36381b-35f5-4f78-b3ca-dce4b3a9a6c7,20198
2025-10-28T09:42:15.057280,GS_Thurston_UI,67d379ba-754b-437e-bfcf-fa639716dafe,20199
2025-10-28T09:42:24.463320,GS_Tieton_City,4c404789-5afa-41ac-b552-82f9d9f8c1ff,20200
2025-10-28T09:42:33.643877,GS_Toledo_City,e68ae6b5-ba93-4f3a-89be-d2cf43e90cb9,20201
2025-10-28T09:42:42.984329,GS_Tonasket_City,3aa86119-780c-4de9-b0aa-e58f9fdf7b2e,20202
2025-10-28T09:42:54.670317,GS_Toppenish_City,0b4be659-c700-4796-a8b2-2a8f16d0fc73,20203
2025-10-28T09:43:07.511283,GS_Tukwila_City,ed05805a-96e3-4d05-8378-83721c3bee1a,20204
2025-10-28T09:43:22.293362,GS_Tumwater_City,8a836af4-e703-47fc-965d-fa801617519f,20205
2025-10-28T09:43:31.395113,GS_Twisp_City,e73a5ed8-4895-45b8-91bc-9e0775f8e537,20206
2025-10-28T09:43:42.729924,GS_Union_Gap_City,25d287c9-4abf-4bf4-b5c6-0aaa9b9f5e50,20207
2025-10-28T09:43:51.592611,GS_Uniontown_City,f4267b9d-b7c8-43a1-b2d7-2dec4cc48610,20208
2025-10-28T09:44:05.239609,GS_University_Place_City,efa25697-8488-47db-9c68-30853f25859d,20209
2025-10-28T09:44:13.679918,GS_Vader_City,afb2ab66-7034-4d6a-8403-eac0a489dbd2,20210
2025-10-28T09:44:40.753321,GS_Vancouver_City,a1c1fe12-44e0-4ff8-8b05-1c0fb1c2dfcf,20211
2025-10-28T09:44:50.325010,GS_Wahkiakum_UI,ab8cdc3a-e267-4840-9868-6b9691da6ed8,20212
2025-10-28T09:45:00.208926,GS_Waitsburg_City,7bd71463-2ee6-40cb-9a0e-d1bc4fb87423,20213
2025-10-28T09:45:14.658024,GS_Walla_Walla_City,1575c40e-efa3-406f-bd13-51acfabfe0b7,20214
2025-10-28T09:45:24.198933,GS_Walla_Walla_UI,c898e587-ea94-4689-ac83-69440e4817e7,20215
2025-10-28T09:45:34.531159,GS_Wapato_City,44eb027c-cc94-44ea-8dec-ffb9d8923741,20216
2025-10-28T09:45:44.264123,GS_Warden_City,2995df4e-6395-45a5-8239-8c60343485f6,20217
2025-10-28T09:45:57.075869,GS_Washougal_City,9309626e-8bf9-4ff7-8920-10807f69ec57,20218
2025-10-28T09:46:05.745671,GS_Washtucna_City,4b3e8b15-7356-4bf7-810e-34cb1db3b274,20219
2025-10-28T09:46:15.313415,GS_Waterville_City,32a16ab1-af3e-4704-825d-b18bd1669a85,20220
2025-10-28T09:46:23.283654,GS_Waverly_City,574e3414-722e-4b1c-8628-d7f95d770c3e,20221
2025-10-28T09:46:38.423630,GS_Wenatchee_City,d0f6e9d1-39b5-4817-b160-3552c4cfba5b,20222
2025-10-28T09:46:52.079363,GS_West_Richland_City,54e6eebc-55e0-48dd-83d4-bf6ed3e7c1f6,20223
2025-10-28T09:47:01.821845,GS_Westport_City,46125fec-f846-4363-bb00-75d9a2dc6887,20224
2025-10-28T09:47:14.784208,GS_Whatcom_UI,cb493e07-ab95-4b1a-9bfa-28099133e792,20225
2025-10-28T09:47:24.683109,GS_White_Salmon_City,e3809911-b086-4a86-be0a-68eb56810001,20226
2025-10-28T09:47:34.127563,GS_Wilbur_City,0912af8c-eb0f-46f8-a8e1-630a9a6aa77f,20227
2025-10-28T09:47:43.131795,GS_Wilkeson_City,74880fa6-7581-43cd-b080-2df6aba9dafc,20228
2025-10-28T09:47:52.356263,GS_Wilson_Creek_City,d8ce2f23-bf41-4e07-8bab-653c340b3bad,20229
2025-10-28T09:48:02.366774,GS_Winlock_City,f978c27e-e334-44a8-8c56-7d6397e32c98,20230
2025-10-28T09:48:10.984655,GS_Winthrop_City,3bc7d2e3-f336-4825-8c6e-56c2ef22de02,20231
2025-10-28T09:48:23.086708,GS_Woodinville_City,28bcb64c-897a-455b-ae81-8a64a0268528,20232
2025-10-28T09:48:34.715771,GS_Woodland_City,3576ce8d-a79e-410c-b3ac-e1d661108d5d,20233
2025-10-28T09:48:43.638487,GS_Woodway_City,c515b4de-2ad8-44e2-a646-e0593cb0d44e,20234
2025-10-28T09:48:53.470039,GS_Yacolt_City,0b7376b4-4c9a-4ccc-9a5b-0772af14dc62,20235
2025-10-28T09:49:12.111451,GS_Yakima_City,7d9b5459-c4cf-469a-99a3-7cb1eb42d047,20236
2025-10-28T09:49:24.335525,GS_Yakima_UI,c6d26668-9a72-4dea-b984-debaef022513,20237
2025-10-28T09:49:35.995486,GS_Yelm_City,510037fb-4705-40bd-bb61-42f1946d1709,20238
2025-10-28T09:49:48.498221,GS_Yelm_City_Plus,6569e18f-8537-427f-85a5-87ede09c3195,20239
2025-10-28T09:49:59.025397,GS_Zillah_City,f042729c-9431-4a4e-a15d-ed0d5caf053d,20240
